CRD,Firm Name,Entity Category,Category Basis,Release Reasons
107687,CALLAN,not_fo,"Institutional investment consulting firm (pensions/endowments/foundations), zero individual clients; the separate 'Callan Family Office' brand is a distinct entity, not this CRD.","entity rejected (not_fo): Institutional investment consulting firm (pensions/endowments/foundations), zero individual clients; the separate 'Callan Family Office' brand is a distinct entity, not this CRD."
312005,"CAPITOL FAMILY OFFICE, INC.",multi_family_office,Own site is a placeholder ('Website Under Construction'); identity rests only on a directory listing; 124 clients / 2 emp is too thin to affirm honestly.,entity type unresolved: Own site is a placeholder ('Website Under Construction'); identity rests only on a directory listing; 124 clients / 2 emp is too thin to affirm honestly.
108253,CLEARBROOK INVESTMENT CONSULTING LLC,not_fo,Institutional investment consulting / OCIO firm serving institutional clients with zero individual clients. Not a family office.,entity rejected (not_fo): Institutional investment consulting / OCIO firm serving institutional clients with zero individual clients. Not a family office.
301274,"COLLECTIVE FAMILY OFFICE, LLC",multi_family_office,FO positioning ('family's steward') but no explicit MFO self-identification; meaningful retail presence (63 non-HNW) served by 3 staff. Cannot affirm a true MFO honestly.,entity type unresolved: FO positioning ('family's steward') but no explicit MFO self-identification; meaningful retail presence (63 non-HNW) served by 3 staff. Cannot affirm a true MFO honestly.
291324,ELYSEUM FAMILY OFFICE S.A.,multi_family_office,FO division of a EUR2.5B Luxembourg PE/RE investment group; labeled MFO but entangled with the institutional group and 0 US individual clients. Cannot affirm a standalone MFO.,entity type unresolved: FO division of a EUR2.5B Luxembourg PE/RE investment group; labeled MFO but entangled with the institutional group and 0 US individual clients. Cannot affirm a standalone MFO.
310275,"FREEDOM FAMILY OFFICE, LLC",ria_with_fo_practice,Domain on file is a parked/private WordPress page; ADV frames 'family office services' as an offering; majority non-HNW book (44/72). Cannot affirm.,entity type unresolved: Domain on file is a parked/private WordPress page; ADV frames 'family office services' as an offering; majority non-HNW book (44/72). Cannot affirm.
126021,"KELLEHER FINANCIAL ADVISORS, LLC",unresolved,"SUPERSEDES the affirm recorded earlier on 2026-07-28. The entity is KELLEHER FINANCIAL ADVISORS, LLC of New York, NY; the website its ADV declares (starboardadvisorsllc.com, redirecting to starboardadvisor.com) presents as Starboard Advisors and reads as Maine-based. The 'Family Office Services' navigation that the affirm rested on is on that site. Its roster names people with explicit firm suffixes - 'Bart Haag, Albin Randall and Bennett', 'Hugh O'Donnell, True Equity', 'Colleen Kelleher Sorrentino, Kelleher Financial Advisors', 'Arthur L. Goetchius, Chief Executive Officer, Kelleher Financial Advisors' - which reads as an advisory board listing member firms, not as one company's staff page. Either Kelleher trades as Starboard (the ADV does declare the domain) or Starboard is a separate firm on whose board Kelleher people sit. On the second reading the affirming evidence belongs to a different company, which is the wrong-entity defect this dataset already carries once (arrowrootadvisors.com). Held unresolved pending identity resolution rather than counted on ambiguous evidence.","entity type unresolved: SUPERSEDES the affirm recorded earlier on 2026-07-28. The entity is KELLEHER FINANCIAL ADVISORS, LLC of New York, NY; the website its ADV declares (starboardadvisorsllc.com, redirecting to starboardadvisor.com) presents as Starboard Advisors and reads as Maine-based. The 'Family Office Services' navigation that the affirm rested on is on that site. Its roster names people with explicit firm suffixes - 'Bart Haag, Albin Randall and Bennett', 'Hugh O'Donnell, True Equity', 'Colleen Kelleher Sorrentino, Kelleher Financial Advisors', 'Arthur L. Goetchius, Chief Executive Officer, Kelleher Financial Advisors' - which reads as an advisory board listing member firms, not as one company's staff page. Either Kelleher trades as Starboard (the ADV does declare the domain) or Starboard is a separate firm on whose board Kelleher people sit. On the second reading the affirming evidence belongs to a different company, which is the wrong-entity defect this dataset already carries once (arrowrootadvisors.com). Held unresolved pending identity resolution rather than counted on ambiguous evidence."
144516,"NICHOLAS HOFFMAN & COMPANY, LLC",ria_with_fo_practice,Own site leads with 'private boutique wealth management firm'; broad ~399-client $8B book incl. institutional/pension consulting; a directory calls it MFO. Identity genuinely mixed - cannot affirm.,entity type unresolved: Own site leads with 'private boutique wealth management firm'; broad ~399-client $8B book incl. institutional/pension consulting; a directory calls it MFO. Identity genuinely mixed - cannot affirm.
323249,"TAYLOR FRIGON FAMILY OFFICE, LLC",ria_with_fo_practice,This LLC self-labels only 'SEC-Registered Investment Advisory firm' and reports 0/0 clients - reads as a newly formed / affiliate shell of Taylor Frigon Capital Management. Cannot affirm.,entity type unresolved: This LLC self-labels only 'SEC-Registered Investment Advisory firm' and reports 0/0 clients - reads as a newly formed / affiliate shell of Taylor Frigon Capital Management. Cannot affirm.
